{
  "fc": 0.3333333333333333,
  "oc": 0.0,
  "sd": 0.6666666666666666,
  "li": 0.4163255100346519,
  "omission": 0.7333333333333334,
  "B": 0.7016325510034652,
  "L": 0.737,
  "bias": 1.0
}